Episode,Action,Legal Moves,Reward,Total Reward,State,Next State,Done,Ho salvato
0,0,0,"[0, 1, 2]",4,4,"[[0 0 0 0]
 [0 0 0 0]
 [0 0 0 0]
 [2 2 0 0]]","[[0 0 0 0]
 [0 0 0 0]
 [0 0 0 0]
 [4 2 0 0]]",False,True
0,0,0,"[1, 2]",-10,-6,"[[0 0 0 0]
 [0 0 0 0]
 [0 0 0 0]
 [4 2 0 0]]","[[0 0 0 0]
 [0 0 0 0]
 [0 0 0 0]
 [4 2 0 0]]",False,True
0,0,0,"[1, 2]",-10,-16,"[[0 0 0 0]
 [0 0 0 0]
 [0 0 0 0]
 [4 2 0 0]]","[[0 0 0 0]
 [0 0 0 0]
 [0 0 0 0]
 [4 2 0 0]]",False,True
0,0,2,"[1, 2]",0,-16,"[[0 0 0 0]
 [0 0 0 0]
 [0 0 0 0]
 [4 2 0 0]]","[[0 0 0 0]
 [2 0 0 0]
 [0 0 0 0]
 [0 0 4 2]]",False,True
0,0,0,"[0, 1, 2, 3]",0,-16,"[[0 0 0 0]
 [2 0 0 0]
 [0 0 0 0]
 [0 0 4 2]]","[[0 0 0 0]
 [2 4 0 0]
 [0 0 0 0]
 [4 2 0 0]]",False,True
0,0,0,"[1, 2, 3]",-10,-26,"[[0 0 0 0]
 [2 4 0 0]
 [0 0 0 0]
 [4 2 0 0]]","[[0 0 0 0]
 [2 4 0 0]
 [0 0 0 0]
 [4 2 0 0]]",False,True
0,0,2,"[1, 2, 3]",0,-26,"[[0 0 0 0]
 [2 4 0 0]
 [0 0 0 0]
 [4 2 0 0]]","[[0 0 0 0]
 [0 0 2 4]
 [0 4 0 0]
 [0 0 4 2]]",False,True
0,0,2,"[0, 1, 2, 3]",0,-26,"[[0 0 0 0]
 [0 0 2 4]
 [0 4 0 0]
 [0 0 4 2]]","[[0 0 0 0]
 [0 0 2 4]
 [0 0 0 4]
 [0 4 4 2]]",False,True
0,0,1,"[0, 1, 2, 3]",8,-18,"[[0 0 0 0]
 [0 0 2 4]
 [0 0 0 4]
 [0 4 4 2]]","[[0 4 2 8]
 [0 0 4 2]
 [0 0 0 0]
 [0 0 0 2]]",False,True
0,0,3,"[0, 1, 3]",4,-14,"[[0 4 2 8]
 [0 0 4 2]
 [0 0 0 0]
 [0 0 0 2]]","[[0 0 0 0]
 [0 0 0 0]
 [0 0 2 8]
 [2 4 4 4]]",False,True
0,0,1,"[0, 1, 2]",0,-14,"[[0 0 0 0]
 [0 0 0 0]
 [0 0 2 8]
 [2 4 4 4]]","[[2 4 2 8]
 [2 0 4 4]
 [0 0 0 0]
 [0 0 0 0]]",False,True
0,0,2,"[0, 1, 2, 3]",8,-6,"[[2 4 2 8]
 [2 0 4 4]
 [0 0 0 0]
 [0 0 0 0]]","[[2 4 2 8]
 [0 0 2 8]
 [0 0 0 0]
 [0 0 2 0]]",False,True
0,0,1,"[0, 1, 2, 3]",20,14,"[[2 4 2 8]
 [0 0 2 8]
 [0 0 0 0]
 [0 0 2 0]]","[[ 2  4  4 16]
 [ 0  0  2  0]
 [ 0  0  0  0]
 [ 0  0  0  2]]",False,True
0,0,0,"[0, 1, 2, 3]",8,22,"[[ 2  4  4 16]
 [ 0  0  2  0]
 [ 0  0  0  0]
 [ 0  0  0  2]]","[[ 2  8 16  0]
 [ 2  0  0  2]
 [ 0  0  0  0]
 [ 2  0  0  0]]",False,True
0,0,1,"[0, 1, 2, 3]",4,26,"[[ 2  8 16  0]
 [ 2  0  0  2]
 [ 0  0  0  0]
 [ 2  0  0  0]]","[[ 4  8 16  2]
 [ 2  2  0  0]
 [ 0  0  0  0]
 [ 0  0  0  0]]",False,True
0,0,3,"[0, 2, 3]",0,26,"[[ 4  8 16  2]
 [ 2  2  0  0]
 [ 0  0  0  0]
 [ 0  0  0  0]]","[[ 0  2  0  0]
 [ 0  0  0  0]
 [ 4  8  0  0]
 [ 2  2 16  2]]",False,True
0,0,0,"[0, 1, 2, 3]",4,30,"[[ 0  2  0  0]
 [ 0  0  0  0]
 [ 4  8  0  0]
 [ 2  2 16  2]]","[[ 2  0  0  0]
 [ 0  0  2  0]
 [ 4  8  0  0]
 [ 4 16  2  0]]",False,True
0,0,3,"[0, 1, 2, 3]",12,42,"[[ 2  0  0  0]
 [ 0  0  2  0]
 [ 4  8  0  0]
 [ 4 16  2  0]]","[[ 2  0  0  0]
 [ 0  0  0  0]
 [ 2  8  0  0]
 [ 8 16  4  0]]",False,True
0,0,3,"[1, 2, 3]",4,46,"[[ 2  0  0  0]
 [ 0  0  0  0]
 [ 2  8  0  0]
 [ 8 16  4  0]]","[[ 0  0  2  0]
 [ 0  0  0  0]
 [ 4  8  0  0]
 [ 8 16  4  0]]",False,True
0,0,1,"[0, 1, 2, 3]",0,46,"[[ 0  0  2  0]
 [ 0  0  0  0]
 [ 4  8  0  0]
 [ 8 16  4  0]]","[[ 4  8  2  0]
 [ 8 16  4  0]
 [ 0  0  0  0]
 [ 4  0  0  0]]",False,True
0,0,3,"[1, 2, 3]",0,46,"[[ 4  8  2  0]
 [ 8 16  4  0]
 [ 0  0  0  0]
 [ 4  0  0  0]]","[[ 2  0  0  0]
 [ 4  0  0  0]
 [ 8  8  2  0]
 [ 4 16  4  0]]",False,True
0,0,1,"[0, 1, 2]",0,46,"[[ 2  0  0  0]
 [ 4  0  0  0]
 [ 8  8  2  0]
 [ 4 16  4  0]]","[[ 2  8  2  0]
 [ 4 16  4  0]
 [ 8  0  0  0]
 [ 4  2  0  0]]",False,True
0,0,3,"[1, 2, 3]",0,46,"[[ 2  8  2  0]
 [ 4 16  4  0]
 [ 8  0  0  0]
 [ 4  2  0  0]]","[[ 2  0  0  0]
 [ 4  8  0  2]
 [ 8 16  2  0]
 [ 4  2  4  0]]",False,True
0,0,3,"[0, 1, 2, 3]",0,46,"[[ 2  0  0  0]
 [ 4  8  0  2]
 [ 8 16  2  0]
 [ 4  2  4  0]]","[[ 2  0  0  0]
 [ 4  8  0  0]
 [ 8 16  2  4]
 [ 4  2  4  2]]",False,True
0,0,0,"[1, 2]",-10,36,"[[ 2  0  0  0]
 [ 4  8  0  0]
 [ 8 16  2  4]
 [ 4  2  4  2]]","[[ 2  0  0  0]
 [ 4  8  0  0]
 [ 8 16  2  4]
 [ 4  2  4  2]]",False,True
0,0,3,"[1, 2]",-10,26,"[[ 2  0  0  0]
 [ 4  8  0  0]
 [ 8 16  2  4]
 [ 4  2  4  2]]","[[ 2  0  0  0]
 [ 4  8  0  0]
 [ 8 16  2  4]
 [ 4  2  4  2]]",False,True
0,0,3,"[1, 2]",-10,16,"[[ 2  0  0  0]
 [ 4  8  0  0]
 [ 8 16  2  4]
 [ 4  2  4  2]]","[[ 2  0  0  0]
 [ 4  8  0  0]
 [ 8 16  2  4]
 [ 4  2  4  2]]",False,False
0,0,1,"[1, 2]",0,16,"[[ 2  0  0  0]
 [ 4  8  0  0]
 [ 8 16  2  4]
 [ 4  2  4  2]]","[[ 2  8  2  4]
 [ 4 16  4  2]
 [ 8  2  0  0]
 [ 4  0  0  2]]",False,True
0,0,2,"[0, 1, 2, 3]",0,16,"[[ 2  8  2  4]
 [ 4 16  4  2]
 [ 8  2  0  0]
 [ 4  0  0  2]]","[[ 2  8  2  4]
 [ 4 16  4  2]
 [ 0  2  8  2]
 [ 0  0  4  2]]",False,True
0,0,2,"[0, 1, 3]",-10,6,"[[ 2  8  2  4]
 [ 4 16  4  2]
 [ 0  2  8  2]
 [ 0  0  4  2]]","[[ 2  8  2  4]
 [ 4 16  4  2]
 [ 0  2  8  2]
 [ 0  0  4  2]]",False,True
0,0,1,"[0, 1, 3]",4,10,"[[ 2  8  2  4]
 [ 4 16  4  2]
 [ 0  2  8  2]
 [ 0  0  4  2]]","[[ 2  8  2  4]
 [ 4 16  4  4]
 [ 0  2  8  2]
 [ 2  0  4  0]]",False,True
0,0,1,"[0, 1, 2, 3]",8,18,"[[ 2  8  2  4]
 [ 4 16  4  4]
 [ 0  2  8  2]
 [ 2  0  4  0]]","[[ 2  8  2  8]
 [ 4 16  4  2]
 [ 2  2  8  0]
 [ 4  0  4  0]]",False,True
0,0,1,"[0, 2, 3]",-10,8,"[[ 2  8  2  8]
 [ 4 16  4  2]
 [ 2  2  8  0]
 [ 4  0  4  0]]","[[ 2  8  2  8]
 [ 4 16  4  2]
 [ 2  2  8  0]
 [ 4  0  4  0]]",False,True
0,0,1,"[0, 2, 3]",-10,-2,"[[ 2  8  2  8]
 [ 4 16  4  2]
 [ 2  2  8  0]
 [ 4  0  4  0]]","[[ 2  8  2  8]
 [ 4 16  4  2]
 [ 2  2  8  0]
 [ 4  0  4  0]]",False,True
0,0,3,"[0, 2, 3]",0,-2,"[[ 2  8  2  8]
 [ 4 16  4  2]
 [ 2  2  8  0]
 [ 4  0  4  0]]","[[ 2  0  2  0]
 [ 4  8  4  2]
 [ 2 16  8  8]
 [ 4  2  4  2]]",False,True
0,0,3,"[0, 1, 2]",-10,-12,"[[ 2  0  2  0]
 [ 4  8  4  2]
 [ 2 16  8  8]
 [ 4  2  4  2]]","[[ 2  0  2  0]
 [ 4  8  4  2]
 [ 2 16  8  8]
 [ 4  2  4  2]]",False,True
0,0,2,"[0, 1, 2]",20,8,"[[ 2  0  2  0]
 [ 4  8  4  2]
 [ 2 16  8  8]
 [ 4  2  4  2]]","[[ 0  0  2  4]
 [ 4  8  4  2]
 [ 0  2 16 16]
 [ 4  2  4  2]]",False,True
0,0,0,"[0, 1, 2, 3]",32,40,"[[ 0  0  2  4]
 [ 4  8  4  2]
 [ 0  2 16 16]
 [ 4  2  4  2]]","[[ 2  4  0  0]
 [ 4  8  4  2]
 [ 2 32  2  0]
 [ 4  2  4  2]]",False,True
0,0,3,"[1, 2, 3]",4,44,"[[ 2  4  0  0]
 [ 4  8  4  2]
 [ 2 32  2  0]
 [ 4  2  4  2]]","[[ 2  4  0  0]
 [ 4  8  4  0]
 [ 2 32  2  2]
 [ 4  2  4  4]]",False,True
0,0,2,"[0, 1, 2]",12,56,"[[ 2  4  0  0]
 [ 4  8  4  0]
 [ 2 32  2  2]
 [ 4  2  4  4]]","[[ 0  0  2  4]
 [ 0  4  8  4]
 [ 2  2 32  4]
 [ 0  4  2  8]]",False,True
0,0,0,"[0, 1, 2, 3]",4,60,"[[ 0  0  2  4]
 [ 0  4  8  4]
 [ 2  2 32  4]
 [ 0  4  2  8]]","[[ 2  4  0  0]
 [ 4  8  4  0]
 [ 4 32  4  0]
 [ 4  2  8  4]]",False,True
0,0,0,"[1, 2, 3]",-10,50,"[[ 2  4  0  0]
 [ 4  8  4  0]
 [ 4 32  4  0]
 [ 4  2  8  4]]","[[ 2  4  0  0]
 [ 4  8  4  0]
 [ 4 32  4  0]
 [ 4  2  8  4]]",False,True
0,0,3,"[1, 2, 3]",16,66,"[[ 2  4  0  0]
 [ 4  8  4  0]
 [ 4 32  4  0]
 [ 4  2  8  4]]","[[ 0  4  0  2]
 [ 2  8  0  0]
 [ 4 32  8  0]
 [ 8  2  8  4]]",False,True
0,0,2,"[0, 1, 2, 3]",0,66,"[[ 0  4  0  2]
 [ 2  8  0  0]
 [ 4 32  8  0]
 [ 8  2  8  4]]","[[ 0  4  4  2]
 [ 0  0  2  8]
 [ 0  4 32  8]
 [ 8  2  8  4]]",False,True
0,0,3,"[0, 1, 2, 3]",24,90,"[[ 0  4  4  2]
 [ 0  0  2  8]
 [ 0  4 32  8]
 [ 8  2  8  4]]","[[ 0  0  4  0]
 [ 0  2  2  2]
 [ 0  8 32 16]
 [ 8  2  8  4]]",False,True
0,0,0,"[0, 1, 2]",4,94,"[[ 0  0  4  0]
 [ 0  2  2  2]
 [ 0  8 32 16]
 [ 8  2  8  4]]","[[ 4  0  2  0]
 [ 4  2  0  0]
 [ 8 32 16  0]
 [ 8  2  8  4]]",False,True
0,0,3,"[0, 1, 2, 3]",24,118,"[[ 4  0  2  0]
 [ 4  2  0  0]
 [ 8 32 16  0]
 [ 8  2  8  4]]","[[ 0  0  2  0]
 [ 0  2  2  0]
 [ 8 32 16  0]
 [16  2  8  4]]",False,True
0,0,1,"[0, 1, 2, 3]",4,122,"[[ 0  0  2  0]
 [ 0  2  2  0]
 [ 8 32 16  0]
 [16  2  8  4]]","[[ 8  2  4  4]
 [16 32 16  0]
 [ 0  2  8  0]
 [ 0  2  0  0]]",False,True
0,0,3,"[0, 1, 2, 3]",4,126,"[[ 8  2  4  4]
 [16 32 16  0]
 [ 0  2  8  0]
 [ 0  2  0  0]]","[[ 0  2  0  0]
 [ 0  2  4  0]
 [ 8 32 16  0]
 [16  4  8  4]]",False,True
0,0,0,"[0, 1, 2, 3]",0,126,"[[ 0  2  0  0]
 [ 0  2  4  0]
 [ 8 32 16  0]
 [16  4  8  4]]","[[ 2  4  0  0]
 [ 2  4  0  0]
 [ 8 32 16  0]
 [16  4  8  4]]",False,True
0,0,3,"[1, 2, 3]",12,138,"[[ 2  4  0  0]
 [ 2  4  0  0]
 [ 8 32 16  0]
 [16  4  8  4]]","[[ 0  0  0  0]
 [ 4  8  0  2]
 [ 8 32 16  0]
 [16  4  8  4]]",False,True
0,0,1,"[0, 1, 2, 3]",0,138,"[[ 0  0  0  0]
 [ 4  8  0  2]
 [ 8 32 16  0]
 [16  4  8  4]]","[[ 4  8 16  2]
 [ 8 32  8  4]
 [16  4  0  0]
 [ 2  0  0  0]]",False,True
0,0,1,"[2, 3]",-10,128,"[[ 4  8 16  2]
 [ 8 32  8  4]
 [16  4  0  0]
 [ 2  0  0  0]]","[[ 4  8 16  2]
 [ 8 32  8  4]
 [16  4  0  0]
 [ 2  0  0  0]]",False,True
0,0,2,"[2, 3]",0,128,"[[ 4  8 16  2]
 [ 8 32  8  4]
 [16  4  0  0]
 [ 2  0  0  0]]","[[ 4  8 16  2]
 [ 8 32  8  4]
 [ 0  0 16  4]
 [ 0  0  2  2]]",False,True
0,0,2,"[0, 1, 2, 3]",4,132,"[[ 4  8 16  2]
 [ 8 32  8  4]
 [ 0  0 16  4]
 [ 0  0  2  2]]","[[ 4  8 16  2]
 [ 8 32  8  4]
 [ 0  0 16  4]
 [ 0  2  0  4]]",False,True
0,0,1,"[0, 1, 2, 3]",8,140,"[[ 4  8 16  2]
 [ 8 32  8  4]
 [ 0  0 16  4]
 [ 0  2  0  4]]","[[ 4  8 16  2]
 [ 8 32  8  8]
 [ 0  2 16  4]
 [ 2  0  0  0]]",False,True
0,0,0,"[0, 1, 2, 3]",16,156,"[[ 4  8 16  2]
 [ 8 32  8  8]
 [ 0  2 16  4]
 [ 2  0  0  0]]","[[ 4  8 16  2]
 [ 8 32 16  0]
 [ 2 16  4  0]
 [ 2  0  0  2]]",False,True
0,0,0,"[0, 1, 2, 3]",4,160,"[[ 4  8 16  2]
 [ 8 32 16  0]
 [ 2 16  4  0]
 [ 2  0  0  2]]","[[ 4  8 16  2]
 [ 8 32 16  0]
 [ 2 16  4  2]
 [ 4  0  0  0]]",False,True
0,0,3,"[1, 2, 3]",36,196,"[[ 4  8 16  2]
 [ 8 32 16  0]
 [ 2 16  4  2]
 [ 4  0  0  0]]","[[ 4  0  2  0]
 [ 8  8  0  0]
 [ 2 32 32  0]
 [ 4 16  4  4]]",False,True
0,0,1,"[0, 1, 2, 3]",0,196,"[[ 4  0  2  0]
 [ 8  8  0  0]
 [ 2 32 32  0]
 [ 4 16  4  4]]","[[ 4  8  2  4]
 [ 8 32 32  0]
 [ 2 16  4  0]
 [ 4  0  0  2]]",False,True
0,0,3,"[0, 1, 2, 3]",0,196,"[[ 4  8  2  4]
 [ 8 32 32  0]
 [ 2 16  4  0]
 [ 4  0  0  2]]","[[ 4  0  2  0]
 [ 8  8  2  0]
 [ 2 32 32  4]
 [ 4 16  4  2]]",False,True
0,0,2,"[0, 1, 2, 3]",80,276,"[[ 4  0  2  0]
 [ 8  8  2  0]
 [ 2 32 32  4]
 [ 4 16  4  2]]","[[ 0  2  4  2]
 [ 0  0 16  2]
 [ 0  2 64  4]
 [ 4 16  4  2]]",False,True
0,0,3,"[0, 1, 3]",8,284,"[[ 0  2  4  2]
 [ 0  0 16  2]
 [ 0  2 64  4]
 [ 4 16  4  2]]","[[ 0  0  4  0]
 [ 0  0 16  4]
 [ 2  4 64  4]
 [ 4 16  4  2]]",False,True
0,0,3,"[0, 1, 2, 3]",8,292,"[[ 0  0  4  0]
 [ 0  0 16  4]
 [ 2  4 64  4]
 [ 4 16  4  2]]","[[ 0  0  4  0]
 [ 0  2 16  0]
 [ 2  4 64  8]
 [ 4 16  4  2]]",False,True
0,0,0,"[0, 1, 2]",0,292,"[[ 0  0  4  0]
 [ 0  2 16  0]
 [ 2  4 64  8]
 [ 4 16  4  2]]","[[ 4  0  0  2]
 [ 2 16  0  0]
 [ 2  4 64  8]
 [ 4 16  4  2]]",False,True
0,0,1,"[0, 1, 2, 3]",4,296,"[[ 4  0  0  2]
 [ 2 16  0  0]
 [ 2  4 64  8]
 [ 4 16  4  2]]","[[ 4 16 64  2]
 [ 4  4  4  8]
 [ 4 16  0  2]
 [ 0  2  0  0]]",False,True
0,0,1,"[0, 1, 2, 3]",8,304,"[[ 4 16 64  2]
 [ 4  4  4  8]
 [ 4 16  0  2]
 [ 0  2  0  0]]","[[ 8 16 64  2]
 [ 4  4  4  8]
 [ 2 16  0  2]
 [ 0  2  0  0]]",False,True
0,0,3,"[0, 2, 3]",0,304,"[[ 8 16 64  2]
 [ 4  4  4  8]
 [ 2 16  0  2]
 [ 0  2  0  0]]","[[ 0 16  2  0]
 [ 8  4  0  2]
 [ 4 16 64  8]
 [ 2  2  4  2]]",False,True
0,0,0,"[0, 1, 2, 3]",4,308,"[[ 0 16  2  0]
 [ 8  4  0  2]
 [ 4 16 64  8]
 [ 2  2  4  2]]","[[16  2  0  0]
 [ 8  4  2  0]
 [ 4 16 64  8]
 [ 4  4  2  2]]",False,True
0,0,1,"[0, 1, 2, 3]",8,316,"[[16  2  0  0]
 [ 8  4  2  0]
 [ 4 16 64  8]
 [ 4  4  2  2]]","[[16  2  2  8]
 [ 8  4 64  2]
 [ 8 16  2  0]
 [ 2  4  0  0]]",False,True
0,0,1,"[0, 1, 2, 3]",16,332,"[[16  2  2  8]
 [ 8  4 64  2]
 [ 8 16  2  0]
 [ 2  4  0  0]]","[[16  2  2  8]
 [16  4 64  2]
 [ 2 16  2  2]
 [ 0  4  0  0]]",False,True
0,0,3,"[0, 1, 2, 3]",36,368,"[[16  2  2  8]
 [16  4 64  2]
 [ 2 16  2  2]
 [ 0  4  0  0]]","[[ 2  2  0  0]
 [ 0  4  2  0]
 [32 16 64  8]
 [ 2  4  2  4]]",False,True
0,0,2,"[0, 1, 2, 3]",4,372,"[[ 2  2  0  0]
 [ 0  4  2  0]
 [32 16 64  8]
 [ 2  4  2  4]]","[[ 0  0  0  4]
 [ 2  0  4  2]
 [32 16 64  8]
 [ 2  4  2  4]]",False,True
0,0,1,"[0, 1, 2]",0,372,"[[ 0  0  0  4]
 [ 2  0  4  2]
 [32 16 64  8]
 [ 2  4  2  4]]","[[ 2 16  4  4]
 [32  4 64  2]
 [ 2  0  2  8]
 [ 0  2  0  4]]",False,True
0,0,1,"[0, 1, 2, 3]",0,372,"[[ 2 16  4  4]
 [32  4 64  2]
 [ 2  0  2  8]
 [ 0  2  0  4]]","[[ 2 16  4  4]
 [32  4 64  2]
 [ 2  2  2  8]
 [ 0  0  2  4]]",False,True
0,0,3,"[0, 1, 2, 3]",4,376,"[[ 2 16  4  4]
 [32  4 64  2]
 [ 2  2  2  8]
 [ 0  0  2  4]]","[[ 0  2  0  4]
 [ 2 16  4  2]
 [32  4 64  8]
 [ 2  2  4  4]]",False,True
0,0,2,"[0, 1, 2]",12,388,"[[ 0  2  0  4]
 [ 2 16  4  2]
 [32  4 64  8]
 [ 2  2  4  4]]","[[ 0  0  2  4]
 [ 2 16  4  2]
 [32  4 64  8]
 [ 0  2  4  8]]",False,True
0,0,3,"[0, 1, 3]",16,404,"[[ 0  0  2  4]
 [ 2 16  4  2]
 [32  4 64  8]
 [ 0  2  4  8]]","[[ 0  0  2  0]
 [ 2 16  4  4]
 [ 2  4 64  2]
 [32  2  4 16]]",False,True
0,0,2,"[0, 1, 2, 3]",8,412,"[[ 0  0  2  0]
 [ 2 16  4  4]
 [ 2  4 64  2]
 [32  2  4 16]]","[[ 0  0  2  2]
 [ 0  2 16  8]
 [ 2  4 64  2]
 [32  2  4 16]]",False,True
0,0,3,"[0, 1, 2]",-10,402,"[[ 0  0  2  2]
 [ 0  2 16  8]
 [ 2  4 64  2]
 [32  2  4 16]]","[[ 0  0  2  2]
 [ 0  2 16  8]
 [ 2  4 64  2]
 [32  2  4 16]]",False,True
0,0,0,"[0, 1, 2]",4,406,"[[ 0  0  2  2]
 [ 0  2 16  8]
 [ 2  4 64  2]
 [32  2  4 16]]","[[ 4  0  0  0]
 [ 2 16  8  2]
 [ 2  4 64  2]
 [32  2  4 16]]",False,True
0,0,3,"[1, 2, 3]",8,414,"[[ 4  0  0  0]
 [ 2 16  8  2]
 [ 2  4 64  2]
 [32  2  4 16]]","[[ 0  0  0  0]
 [ 4 16  8  2]
 [ 4  4 64  4]
 [32  2  4 16]]",False,True
0,0,1,"[0, 1, 2, 3]",8,422,"[[ 0  0  0  0]
 [ 4 16  8  2]
 [ 4  4 64  4]
 [32  2  4 16]]","[[ 8 16  8  2]
 [32  4 64  4]
 [ 0  2  4 16]
 [ 0  0  2  0]]",False,True
0,0,0,"[0, 2, 3]",0,422,"[[ 8 16  8  2]
 [32  4 64  4]
 [ 0  2  4 16]
 [ 0  0  2  0]]","[[ 8 16  8  2]
 [32  4 64  4]
 [ 2  4 16  0]
 [ 2  0  4  0]]",False,True
0,0,2,"[0, 1, 2, 3]",0,422,"[[ 8 16  8  2]
 [32  4 64  4]
 [ 2  4 16  0]
 [ 2  0  4  0]]","[[ 8 16  8  2]
 [32  4 64  4]
 [ 2  2  4 16]
 [ 0  0  2  4]]",False,True
0,0,3,"[0, 2, 3]",0,422,"[[ 8 16  8  2]
 [32  4 64  4]
 [ 2  2  4 16]
 [ 0  0  2  4]]","[[ 2  0  8  2]
 [ 8 16 64  4]
 [32  4  4 16]
 [ 2  2  2  4]]",False,True
0,0,3,"[0, 1, 2]",-10,412,"[[ 2  0  8  2]
 [ 8 16 64  4]
 [32  4  4 16]
 [ 2  2  2  4]]","[[ 2  0  8  2]
 [ 8 16 64  4]
 [32  4  4 16]
 [ 2  2  2  4]]",False,True
0,0,1,"[0, 1, 2]",0,412,"[[ 2  0  8  2]
 [ 8 16 64  4]
 [32  4  4 16]
 [ 2  2  2  4]]","[[ 2 16  8  2]
 [ 8  4 64  4]
 [32  2  4 16]
 [ 2  2  2  4]]",False,True
0,0,2,"[0, 1, 2, 3]",4,416,"[[ 2 16  8  2]
 [ 8  4 64  4]
 [32  2  4 16]
 [ 2  2  2  4]]","[[ 2 16  8  2]
 [ 8  4 64  4]
 [32  2  4 16]
 [ 4  2  4  2]]",False,True
0,0,2,"[1, 3]",-10,406,"[[ 2 16  8  2]
 [ 8  4 64  4]
 [32  2  4 16]
 [ 4  2  4  2]]","[[ 2 16  8  2]
 [ 8  4 64  4]
 [32  4  8 16]
 [ 4  0  2  2]]",False,True
0,0,3,"[0, 1, 2, 3]",8,414,"[[ 2 16  8  2]
 [ 8  4 64  4]
 [32  4  8 16]
 [ 4  0  2  2]]","[[ 2  0  8  2]
 [ 8  2 64  4]
 [32 16  8 16]
 [ 4  8  2  2]]",False,True
0,0,1,"[0, 1, 2]",0,414,"[[ 2  0  8  2]
 [ 8  2 64  4]
 [32 16  8 16]
 [ 4  8  2  2]]","[[ 2  2  8  2]
 [ 8 16 64  4]
 [32  8  8 16]
 [ 4  2  2  2]]",False,True
0,0,3,"[0, 2]",-10,404,"[[ 2  2  8  2]
 [ 8 16 64  4]
 [32  8  8 16]
 [ 4  2  2  2]]","[[ 4  8  2  0]
 [ 8 16 64  4]
 [32 16 16  2]
 [ 4  4  2  0]]",False,True
0,0,2,"[0, 1, 2, 3]",40,444,"[[ 4  8  2  0]
 [ 8 16 64  4]
 [32 16 16  2]
 [ 4  4  2  0]]","[[ 0  4  8  2]
 [ 8 16 64  4]
 [ 0 32 32  2]
 [ 2  0  8  2]]",False,True
0,0,1,"[0, 1, 2, 3]",4,448,"[[ 0  4  8  2]
 [ 8 16 64  4]
 [ 0 32 32  2]
 [ 2  0  8  2]]","[[ 8  4  8  2]
 [ 2 16 64  4]
 [ 0 32 32  4]
 [ 4  0  8  0]]",False,True
0,0,2,"[0, 1, 2, 3]",64,512,"[[ 8  4  8  2]
 [ 2 16 64  4]
 [ 0 32 32  4]
 [ 4  0  8  0]]","[[ 8  4  8  2]
 [ 2 16 64  4]
 [ 0  0 64  4]
 [ 4  0  4  8]]",False,True
0,0,0,"[0, 1, 2, 3]",8,520,"[[ 8  4  8  2]
 [ 2 16 64  4]
 [ 0  0 64  4]
 [ 4  0  4  8]]","[[ 8  4  8  2]
 [ 2 16 64  4]
 [64  4  0  2]
 [ 8  8  0  0]]",False,True
0,0,3,"[0, 2, 3]",0,520,"[[ 8  4  8  2]
 [ 2 16 64  4]
 [64  4  0  2]
 [ 8  8  0  0]]","[[ 8  4  0  2]
 [ 2 16  0  2]
 [64  4  8  4]
 [ 8  8 64  2]]",False,True
0,0,2,"[0, 1, 2, 3]",16,536,"[[ 8  4  0  2]
 [ 2 16  0  2]
 [64  4  8  4]
 [ 8  8 64  2]]","[[ 0  8  4  2]
 [ 2  2 16  2]
 [64  4  8  4]
 [ 0 16 64  2]]",False,True
0,0,3,"[0, 1, 2, 3]",4,540,"[[ 0  8  4  2]
 [ 2  2 16  2]
 [64  4  8  4]
 [ 0 16 64  2]]","[[ 0  8  4  2]
 [ 0  2 16  4]
 [ 2  4  8  4]
 [64 16 64  2]]",False,True
0,0,1,"[0, 1, 3]",8,548,"[[ 0  8  4  2]
 [ 0  2 16  4]
 [ 2  4  8  4]
 [64 16 64  2]]","[[ 2  8  4  2]
 [64  2 16  8]
 [ 0  4  8  2]
 [ 2 16 64  0]]",False,True
0,0,0,"[0, 1, 2, 3]",0,548,"[[ 2  8  4  2]
 [64  2 16  8]
 [ 0  4  8  2]
 [ 2 16 64  0]]","[[ 2  8  4  2]
 [64  2 16  8]
 [ 4  8  2  2]
 [ 2 16 64  0]]",False,True
0,0,3,"[0, 2, 3]",0,548,"[[ 2  8  4  2]
 [64  2 16  8]
 [ 4  8  2  2]
 [ 2 16 64  0]]","[[ 2  8  4  2]
 [64  2 16  2]
 [ 4  8  2  8]
 [ 2 16 64  2]]",False,True
0,0,1,"[1, 3]",4,552,"[[ 2  8  4  2]
 [64  2 16  2]
 [ 4  8  2  8]
 [ 2 16 64  2]]","[[ 2  8  4  4]
 [64  2 16  8]
 [ 4  8  2  2]
 [ 2 16 64  2]]",False,True
0,0,3,"[0, 1, 2, 3]",4,556,"[[ 2  8  4  4]
 [64  2 16  8]
 [ 4  8  2  2]
 [ 2 16 64  2]]","[[ 2  8  8  0]
 [64  2 16  8]
 [ 4  8  4  2]
 [ 2 16 64  2]]",False,True
0,0,0,"[0, 1, 2, 3]",16,572,"[[ 2  8  8  0]
 [64  2 16  8]
 [ 4  8  4  2]
 [ 2 16 64  2]]","[[ 2 16  0  2]
 [64  2 16  8]
 [ 4  8  4  2]
 [ 2 16 64  2]]",False,True
0,0,2,"[0, 1, 2, 3]",0,572,"[[ 2 16  0  2]
 [64  2 16  8]
 [ 4  8  4  2]
 [ 2 16 64  2]]","[[ 4  2 16  2]
 [64  2 16  8]
 [ 4  8  4  2]
 [ 2 16 64  2]]",False,True
0,0,2,"[1, 3]",-10,562,"[[ 4  2 16  2]
 [64  2 16  8]
 [ 4  8  4  2]
 [ 2 16 64  2]]","[[ 4  4 32  2]
 [64  8  4  8]
 [ 4 16 64  4]
 [ 2  0  2  0]]",False,True
0,0,3,"[0, 2, 3]",0,562,"[[ 4  4 32  2]
 [64  8  4  8]
 [ 4 16 64  4]
 [ 2  0  2  0]]","[[ 4  2 32  0]
 [64  4  4  2]
 [ 4  8 64  8]
 [ 2 16  2  4]]",False,True
0,0,1,"[0, 1, 2]",0,562,"[[ 4  2 32  0]
 [64  4  4  2]
 [ 4  8 64  8]
 [ 2 16  2  4]]","[[ 4  2 32  2]
 [64  4  4  8]
 [ 4  8 64  4]
 [ 2 16  2  2]]",False,True
0,0,2,"[0, 2]",12,574,"[[ 4  2 32  2]
 [64  4  4  8]
 [ 4  8 64  4]
 [ 2 16  2  2]]","[[ 4  2 32  2]
 [64  8  8  4]
 [ 4  8 64  4]
 [ 2 16  4  0]]",False,True
0,0,1,"[0, 1, 2, 3]",24,598,"[[ 4  2 32  2]
 [64  8  8  4]
 [ 4  8 64  4]
 [ 2 16  4  0]]","[[ 4  2 32  2]
 [64 16  8  8]
 [ 4 16 64  0]
 [ 2  2  4  0]]",False,True
0,0,2,"[0, 1, 2, 3]",20,618,"[[ 4  2 32  2]
 [64 16  8  8]
 [ 4 16 64  0]
 [ 2  2  4  0]]","[[ 4  2 32  2]
 [ 0 64 16 16]
 [ 0  4 16 64]
 [ 2  0  4  4]]",False,True
0,0,2,"[0, 1, 2, 3]",40,658,"[[ 4  2 32  2]
 [ 0 64 16 16]
 [ 0  4 16 64]
 [ 2  0  4  4]]","[[ 4  2 32  2]
 [ 0  0 64 32]
 [ 0  4 16 64]
 [ 4  0  2  8]]",False,True
0,0,0,"[0, 1, 2, 3]",0,658,"[[ 4  2 32  2]
 [ 0  0 64 32]
 [ 0  4 16 64]
 [ 4  0  2  8]]","[[ 4  2 32  2]
 [64 32  2  0]
 [ 4 16 64  0]
 [ 4  2  8  0]]",False,True
0,0,1,"[1, 2, 3]",8,666,"[[ 4  2 32  2]
 [64 32  2  0]
 [ 4 16 64  0]
 [ 4  2  8  0]]","[[ 4  2 32  2]
 [64 32  2  0]
 [ 8 16 64  2]
 [ 0  2  8  0]]",False,True
0,0,1,"[0, 1, 2, 3]",4,670,"[[ 4  2 32  2]
 [64 32  2  0]
 [ 8 16 64  2]
 [ 0  2  8  0]]","[[ 4  2 32  4]
 [64 32  2  4]
 [ 8 16 64  0]
 [ 0  2  8  0]]",False,True
0,0,3,"[0, 1, 2, 3]",8,678,"[[ 4  2 32  4]
 [64 32  2  4]
 [ 8 16 64  0]
 [ 0  2  8  0]]","[[ 0  2 32  4]
 [ 4 32  2  0]
 [64 16 64  0]
 [ 8  2  8  8]]",False,True
0,0,3,"[0, 1, 2, 3]",0,678,"[[ 0  2 32  4]
 [ 4 32  2  0]
 [64 16 64  0]
 [ 8  2  8  8]]","[[ 0  2 32  2]
 [ 4 32  2  0]
 [64 16 64  4]
 [ 8  2  8  8]]",False,True
0,0,3,"[0, 1, 2, 3]",0,678,"[[ 0  2 32  2]
 [ 4 32  2  0]
 [64 16 64  4]
 [ 8  2  8  8]]","[[ 0  2 32  2]
 [ 4 32  2  2]
 [64 16 64  4]
 [ 8  2  8  8]]",False,True
0,0,3,"[0, 1, 2, 3]",4,682,"[[ 0  2 32  2]
 [ 4 32  2  2]
 [64 16 64  4]
 [ 8  2  8  8]]","[[ 2  2 32  0]
 [ 4 32  2  4]
 [64 16 64  4]
 [ 8  2  8  8]]",False,True
0,0,1,"[0, 1, 2, 3]",8,690,"[[ 2  2 32  0]
 [ 4 32  2  4]
 [64 16 64  4]
 [ 8  2  8  8]]","[[ 2  2 32  8]
 [ 4 32  2  8]
 [64 16 64  0]
 [ 8  2  8  2]]",False,True
0,0,2,"[0, 1, 2, 3]",4,694,"[[ 2  2 32  8]
 [ 4 32  2  8]
 [64 16 64  0]
 [ 8  2  8  2]]","[[ 0  4 32  8]
 [ 4 32  2  8]
 [ 2 64 16 64]
 [ 8  2  8  2]]",False,True
0,0,0,"[0, 1, 3]",0,694,"[[ 0  4 32  8]
 [ 4 32  2  8]
 [ 2 64 16 64]
 [ 8  2  8  2]]","[[ 4 32  8  2]
 [ 4 32  2  8]
 [ 2 64 16 64]
 [ 8  2  8  2]]",False,True
0,0,2,"[1, 3]",-10,684,"[[ 4 32  8  2]
 [ 4 32  2  8]
 [ 2 64 16 64]
 [ 8  2  8  2]]","[[ 8 64  8  2]
 [ 2 64  2  8]
 [ 8  2 16 64]
 [ 2  0  8  2]]",False,True
0,0,0,"[0, 1, 2, 3]",0,684,"[[ 8 64  8  2]
 [ 2 64  2  8]
 [ 8  2 16 64]
 [ 2  0  8  2]]","[[ 8 64  8  2]
 [ 2 64  2  8]
 [ 8  2 16 64]
 [ 2  8  2  2]]",False,True
0,0,0,"[0, 1, 2, 3]",4,688,"[[ 8 64  8  2]
 [ 2 64  2  8]
 [ 8  2 16 64]
 [ 2  8  2  2]]","[[ 8 64  8  2]
 [ 2 64  2  8]
 [ 8  2 16 64]
 [ 2  8  4  2]]",False,True
0,0,0,"[1, 3]",-10,678,"[[ 8 64  8  2]
 [ 2 64  2  8]
 [ 8  2 16 64]
 [ 2  8  4  2]]","[[  8 128   8   2]
 [  2   2   2   8]
 [  8   8  16  64]
 [  2   2   4   2]]",False,True
0,0,0,"[0, 2]",24,702,"[[  8 128   8   2]
 [  2   2   2   8]
 [  8   8  16  64]
 [  2   2   4   2]]","[[  8 128   8   2]
 [  4   2   8   0]
 [ 16  16  64   0]
 [  4   4   2   2]]",False,True
0,0,2,"[0, 1, 2, 3]",44,746,"[[  8 128   8   2]
 [  4   2   8   0]
 [ 16  16  64   0]
 [  4   4   2   2]]","[[  8 128   8   2]
 [  0   4   2   8]
 [  0   2  32  64]
 [  0   0   8   4]]",False,True
0,0,2,"[0, 3]",-10,736,"[[  8 128   8   2]
 [  0   4   2   8]
 [  0   2  32  64]
 [  0   0   8   4]]","[[  8 128   8   2]
 [  0   4   2   8]
 [  0   2  32  64]
 [  0   0   8   4]]",False,True
0,0,2,"[0, 3]",-10,726,"[[  8 128   8   2]
 [  0   4   2   8]
 [  0   2  32  64]
 [  0   0   8   4]]","[[  8 128   8   2]
 [  0   4   2   8]
 [  0   2  32  64]
 [  0   0   8   4]]",False,True
0,0,2,"[0, 3]",-10,716,"[[  8 128   8   2]
 [  0   4   2   8]
 [  0   2  32  64]
 [  0   0   8   4]]","[[  8 128   8   2]
 [  0   4   2   8]
 [  0   2  32  64]
 [  0   0   8   4]]",False,False
0,0,3,"[0, 3]",0,716,"[[  8 128   8   2]
 [  0   4   2   8]
 [  0   2  32  64]
 [  0   0   8   4]]","[[  0   2   8   2]
 [  0 128   2   8]
 [  0   4  32  64]
 [  8   2   8   4]]",False,True
0,0,0,"[0, 1]",0,716,"[[  0   2   8   2]
 [  0 128   2   8]
 [  0   4  32  64]
 [  8   2   8   4]]","[[  2   8   2   0]
 [128   2   8   2]
 [  4  32  64   0]
 [  8   2   8   4]]",False,True
0,0,2,"[1, 2, 3]",0,716,"[[  2   8   2   0]
 [128   2   8   2]
 [  4  32  64   0]
 [  8   2   8   4]]","[[  0   2   8   2]
 [128   2   8   2]
 [  2   4  32  64]
 [  8   2   8   4]]",False,True
0,0,1,"[0, 1, 3]",24,740,"[[  0   2   8   2]
 [128   2   8   2]
 [  2   4  32  64]
 [  8   2   8   4]]","[[128   4  16   4]
 [  2   4  32  64]
 [  8   2   8   4]
 [  0   0   2   0]]",False,True
0,0,3,"[0, 1, 2, 3]",8,748,"[[128   4  16   4]
 [  2   4  32  64]
 [  8   2   8   4]
 [  0   0   2   0]]","[[  0   0  16   0]
 [128   2  32   4]
 [  2   8   8  64]
 [  8   2   2   4]]",False,True
0,0,3,"[0, 1, 2]",-10,738,"[[  0   0  16   0]
 [128   2  32   4]
 [  2   8   8  64]
 [  8   2   2   4]]","[[  0   0  16   0]
 [128   2  32   4]
 [  2   8   8  64]
 [  8   2   2   4]]",False,True
0,0,0,"[0, 1, 2]",20,758,"[[  0   0  16   0]
 [128   2  32   4]
 [  2   8   8  64]
 [  8   2   2   4]]","[[ 16   0   0   0]
 [128   2  32   4]
 [  2  16  64   0]
 [  8   4   4   2]]",False,True
0,0,0,"[0, 1, 2, 3]",8,766,"[[ 16   0   0   0]
 [128   2  32   4]
 [  2  16  64   0]
 [  8   4   4   2]]","[[ 16   0   2   0]
 [128   2  32   4]
 [  2  16  64   0]
 [  8   8   2   0]]",False,True
0,0,3,"[0, 1, 2, 3]",0,766,"[[ 16   0   2   0]
 [128   2  32   4]
 [  2  16  64   0]
 [  8   8   2   0]]","[[ 16   0   2   0]
 [128   2  32   2]
 [  2  16  64   0]
 [  8   8   2   4]]",False,True
0,0,1,"[0, 1, 2, 3]",0,766,"[[ 16   0   2   0]
 [128   2  32   2]
 [  2  16  64   0]
 [  8   8   2   4]]","[[ 16   2   2   2]
 [128  16  32   4]
 [  2   8  64   0]
 [  8   0   2   2]]",False,True
0,0,3,"[0, 1, 2, 3]",0,766,"[[ 16   2   2   2]
 [128  16  32   4]
 [  2   8  64   0]
 [  8   0   2   2]]","[[ 16   2   2   0]
 [128   2  32   2]
 [  2  16  64   4]
 [  8   8   2   2]]",False,True
0,0,3,"[0, 1, 2, 3]",4,770,"[[ 16   2   2   0]
 [128   2  32   2]
 [  2  16  64   4]
 [  8   8   2   2]]","[[ 16   0   2   2]
 [128   4  32   2]
 [  2  16  64   4]
 [  8   8   2   2]]",False,True
0,0,2,"[0, 1, 2, 3]",24,794,"[[ 16   0   2   2]
 [128   4  32   2]
 [  2  16  64   4]
 [  8   8   2   2]]","[[  0   0  16   4]
 [128   4  32   2]
 [  2  16  64   4]
 [  0   2  16   4]]",False,True
0,0,2,"[0, 1, 3]",-10,784,"[[  0   0  16   4]
 [128   4  32   2]
 [  2  16  64   4]
 [  0   2  16   4]]","[[  0   0  16   4]
 [128   4  32   2]
 [  2  16  64   4]
 [  0   2  16   4]]",False,True
0,0,0,"[0, 1, 3]",0,784,"[[  0   0  16   4]
 [128   4  32   2]
 [  2  16  64   4]
 [  0   2  16   4]]","[[ 16   4   0   2]
 [128   4  32   2]
 [  2  16  64   4]
 [  2  16   4   0]]",False,True
0,0,3,"[0, 1, 2, 3]",48,832,"[[ 16   4   0   2]
 [128   4  32   2]
 [  2  16  64   4]
 [  2  16   4   0]]","[[  0   0   2   0]
 [ 16   0  32   0]
 [128   8  64   4]
 [  4  32   4   4]]",False,True
0,0,0,"[0, 1, 2, 3]",8,840,"[[  0   0   2   0]
 [ 16   0  32   0]
 [128   8  64   4]
 [  4  32   4   4]]","[[  2   0   0   0]
 [ 16  32   0   0]
 [128   8  64   4]
 [  4  32   8   4]]",False,True
0,0,1,"[1, 2, 3]",8,848,"[[  2   0   0   0]
 [ 16  32   0   0]
 [128   8  64   4]
 [  4  32   8   4]]","[[  2  32  64   8]
 [ 16   8   8   0]
 [128  32   0   0]
 [  4   2   0   0]]",False,True
0,0,0,"[0, 2, 3]",16,864,"[[  2  32  64   8]
 [ 16   8   8   0]
 [128  32   0   0]
 [  4   2   0   0]]","[[  2  32  64   8]
 [ 16  16   0   0]
 [128  32   0   0]
 [  4   2   0   2]]",False,True
0,0,1,"[0, 1, 2, 3]",0,864,"[[  2  32  64   8]
 [ 16  16   0   0]
 [128  32   0   0]
 [  4   2   0   2]]","[[  2  32  64   8]
 [ 16  16   0   2]
 [128  32   2   0]
 [  4   2   0   0]]",False,True
0,0,1,"[0, 1, 2, 3]",0,864,"[[  2  32  64   8]
 [ 16  16   0   2]
 [128  32   2   0]
 [  4   2   0   0]]","[[  2  32  64   8]
 [ 16  16   2   2]
 [128  32   0   0]
 [  4   2   2   0]]",False,True
0,0,3,"[0, 1, 2, 3]",4,868,"[[  2  32  64   8]
 [ 16  16   2   2]
 [128  32   0   0]
 [  4   2   2   0]]","[[  2  32   0   0]
 [ 16  16   0   2]
 [128  32  64   8]
 [  4   2   4   2]]",False,True
0,0,0,"[0, 1, 2]",32,900,"[[  2  32   0   0]
 [ 16  16   0   2]
 [128  32  64   8]
 [  4   2   4   2]]","[[  2  32   0   0]
 [ 32   2   2   0]
 [128  32  64   8]
 [  4   2   4   2]]",False,True
0,0,1,"[0, 1, 2]",0,900,"[[  2  32   0   0]
 [ 32   2   2   0]
 [128  32  64   8]
 [  4   2   4   2]]","[[  2  32   2   8]
 [ 32   2  64   2]
 [128  32   4   0]
 [  4   2   2   0]]",False,True
0,0,3,"[0, 2, 3]",0,900,"[[  2  32   2   8]
 [ 32   2  64   2]
 [128  32   4   0]
 [  4   2   2   0]]","[[  2  32   2   0]
 [ 32   2  64   2]
 [128  32   4   8]
 [  4   2   2   2]]",False,True
0,0,2,"[0, 1, 2]",4,904,"[[  2  32   2   0]
 [ 32   2  64   2]
 [128  32   4   8]
 [  4   2   2   2]]","[[  0   2  32   2]
 [ 32   2  64   2]
 [128  32   4   8]
 [  2   4   2   4]]",False,True
0,0,3,"[0, 1, 3]",8,912,"[[  0   2  32   2]
 [ 32   2  64   2]
 [128  32   4   8]
 [  2   4   2   4]]","[[  0   2  32   0]
 [ 32   4  64   4]
 [128  32   4   8]
 [  2   4   2   4]]",False,True
0,0,0,"[0, 1, 2]",0,912,"[[  0   2  32   0]
 [ 32   4  64   4]
 [128  32   4   8]
 [  2   4   2   4]]","[[  2  32   0   4]
 [ 32   4  64   4]
 [128  32   4   8]
 [  2   4   2   4]]",False,True
0,0,3,"[0, 1, 2, 3]",8,920,"[[  2  32   0   4]
 [ 32   4  64   4]
 [128  32   4   8]
 [  2   4   2   4]]","[[  2  32   0   2]
 [ 32   4  64   8]
 [128  32   4   8]
 [  2   4   2   4]]",False,True
0,0,2,"[0, 1, 2, 3]",0,920,"[[  2  32   0   2]
 [ 32   4  64   8]
 [128  32   4   8]
 [  2   4   2   4]]","[[  2   2  32   2]
 [ 32   4  64   8]
 [128  32   4   8]
 [  2   4   2   4]]",False,True
0,0,0,"[0, 1, 2, 3]",4,924,"[[  2   2  32   2]
 [ 32   4  64   8]
 [128  32   4   8]
 [  2   4   2   4]]","[[  4  32   2   2]
 [ 32   4  64   8]
 [128  32   4   8]
 [  2   4   2   4]]",False,True
0,0,3,"[0, 1, 2, 3]",16,940,"[[  4  32   2   2]
 [ 32   4  64   8]
 [128  32   4   8]
 [  2   4   2   4]]","[[  4  32   4   2]
 [ 32   4  64   8]
 [128  32   4   8]
 [  2   4   2   4]]",False,True
0,0,1,"[1, 3]",16,956,"[[  4  32   4   2]
 [ 32   4  64   8]
 [128  32   4   8]
 [  2   4   2   4]]","[[  4  32   4   2]
 [ 32   4  64  16]
 [128  32   4   4]
 [  2   4   2   2]]",False,True
0,0,3,"[0, 2]",-10,946,"[[  4  32   4   2]
 [ 32   4  64  16]
 [128  32   4   4]
 [  2   4   2   2]]","[[  4  32   4   2]
 [ 32   4  64  16]
 [128  32   8   2]
 [  2   4   4   0]]",False,True
0,0,1,"[0, 2, 3]",-10,936,"[[  4  32   4   2]
 [ 32   4  64  16]
 [128  32   8   2]
 [  2   4   4   0]]","[[  4  32   4   2]
 [ 32   4  64  16]
 [128  32   8   2]
 [  2   4   4   0]]",False,True
0,0,2,"[0, 2, 3]",8,944,"[[  4  32   4   2]
 [ 32   4  64  16]
 [128  32   8   2]
 [  2   4   4   0]]","[[  4  32   4   2]
 [ 32   4  64  16]
 [128  32   8   2]
 [  2   0   2   8]]",False,True
0,0,1,"[0, 2, 3]",-10,934,"[[  4  32   4   2]
 [ 32   4  64  16]
 [128  32   8   2]
 [  2   0   2   8]]","[[  4  32   4   2]
 [ 32   4  64  16]
 [128  32   8   2]
 [  2   0   2   8]]",False,True
0,0,0,"[0, 2, 3]",4,938,"[[  4  32   4   2]
 [ 32   4  64  16]
 [128  32   8   2]
 [  2   0   2   8]]","[[  4  32   4   2]
 [ 32   4  64  16]
 [128  32   8   2]
 [  4   8   0   4]]",False,True
0,0,2,"[0, 2, 3]",0,938,"[[  4  32   4   2]
 [ 32   4  64  16]
 [128  32   8   2]
 [  4   8   0   4]]","[[  4  32   4   2]
 [ 32   4  64  16]
 [128  32   8   2]
 [  2   4   8   4]]",False,True
0,0,2,"[1, 3]",-10,928,"[[  4  32   4   2]
 [ 32   4  64  16]
 [128  32   8   2]
 [  2   4   8   4]]","[[  4  32   4   2]
 [ 32   4  64  16]
 [128  32  16   2]
 [  2   4   2   4]]",False,True
0,0,3,[],-10,918,"[[  4  32   4   2]
 [ 32   4  64  16]
 [128  32  16   2]
 [  2   4   2   4]]","[[  4  32   4   2]
 [ 32   4  64  16]
 [128  32  16   2]
 [  2   4   2   4]]",True,True
1,1,2,"[0, 1, 2, 3]",0,0,"[[0 0 0 0]
 [0 0 2 0]
 [2 0 0 0]
 [0 0 0 0]]","[[2 0 0 0]
 [0 0 0 2]
 [0 0 0 2]
 [0 0 0 0]]",False,True
1,1,0,"[0, 1, 2, 3]",0,0,"[[2 0 0 0]
 [0 0 0 2]
 [0 0 0 2]
 [0 0 0 0]]","[[2 0 0 0]
 [2 0 0 0]
 [2 0 0 0]
 [2 0 0 0]]",False,True
1,1,2,"[1, 2, 3]",0,0,"[[2 0 0 0]
 [2 0 0 0]
 [2 0 0 0]
 [2 0 0 0]]","[[0 0 2 2]
 [0 0 0 2]
 [0 0 0 2]
 [0 0 0 2]]",False,True
1,1,1,"[0, 1, 2, 3]",8,8,"[[0 0 2 2]
 [0 0 0 2]
 [0 0 0 2]
 [0 0 0 2]]","[[0 0 2 4]
 [0 0 0 4]
 [0 0 0 2]
 [0 0 0 0]]",False,True
1,1,1,"[0, 1, 3]",8,16,"[[0 0 2 4]
 [0 0 0 4]
 [0 0 0 2]
 [0 0 0 0]]","[[0 0 2 8]
 [0 0 0 2]
 [0 0 0 0]
 [2 0 0 0]]",False,True
1,1,2,"[0, 1, 2, 3]",0,16,"[[0 0 2 8]
 [0 0 0 2]
 [0 0 0 0]
 [2 0 0 0]]","[[0 0 2 8]
 [0 0 0 2]
 [0 0 0 0]
 [2 0 0 2]]",False,True
1,1,2,"[0, 1, 2, 3]",4,20,"[[0 0 2 8]
 [0 0 0 2]
 [0 0 0 0]
 [2 0 0 2]]","[[0 0 2 8]
 [0 0 0 2]
 [0 0 0 0]
 [2 0 0 4]]",False,True
1,1,0,"[0, 1, 2, 3]",0,20,"[[0 0 2 8]
 [0 0 0 2]
 [0 0 0 0]
 [2 0 0 4]]","[[2 8 0 4]
 [2 0 0 0]
 [0 0 0 0]
 [2 4 0 0]]",False,True
1,1,0,"[0, 1, 2, 3]",0,20,"[[2 8 0 4]
 [2 0 0 0]
 [0 0 0 0]
 [2 4 0 0]]","[[2 8 4 0]
 [2 0 0 0]
 [0 0 2 0]
 [2 4 0 0]]",False,True
1,1,3,"[0, 1, 2, 3]",4,24,"[[2 8 4 0]
 [2 0 0 0]
 [0 0 2 0]
 [2 4 0 0]]","[[0 0 0 0]
 [0 2 0 0]
 [2 8 4 0]
 [4 4 2 0]]",False,True
1,1,2,"[0, 1, 2]",8,32,"[[0 0 0 0]
 [0 2 0 0]
 [2 8 4 0]
 [4 4 2 0]]","[[0 2 0 0]
 [0 0 0 2]
 [0 2 8 4]
 [0 0 8 2]]",False,True
1,1,0,"[0, 1, 2, 3]",0,32,"[[0 2 0 0]
 [0 0 0 2]
 [0 2 8 4]
 [0 0 8 2]]","[[2 0 0 0]
 [2 0 0 2]
 [2 8 4 0]
 [8 2 0 0]]",False,True
1,1,1,"[0, 1, 2, 3]",4,36,"[[2 0 0 0]
 [2 0 0 2]
 [2 8 4 0]
 [8 2 0 0]]","[[4 8 4 2]
 [2 2 0 0]
 [8 0 2 0]
 [0 0 0 0]]",False,True
1,1,1,"[0, 1, 2, 3]",0,36,"[[4 8 4 2]
 [2 2 0 0]
 [8 0 2 0]
 [0 0 0 0]]","[[4 8 4 2]
 [2 2 2 0]
 [8 0 0 0]
 [0 2 0 0]]",False,True
1,1,3,"[0, 1, 2, 3]",4,40,"[[4 8 4 2]
 [2 2 2 0]
 [8 0 0 0]
 [0 2 0 0]]","[[2 0 0 0]
 [4 0 0 0]
 [2 8 4 0]
 [8 4 2 2]]",False,True
1,1,3,"[0, 1, 2]",-10,30,"[[2 0 0 0]
 [4 0 0 0]
 [2 8 4 0]
 [8 4 2 2]]","[[2 0 0 0]
 [4 0 0 0]
 [2 8 4 0]
 [8 4 2 2]]",False,True
1,1,0,"[0, 1, 2]",4,34,"[[2 0 0 0]
 [4 0 0 0]
 [2 8 4 0]
 [8 4 2 2]]","[[2 0 0 0]
 [4 0 0 2]
 [2 8 4 0]
 [8 4 4 0]]",False,True
1,1,3,"[0, 1, 2, 3]",8,42,"[[2 0 0 0]
 [4 0 0 2]
 [2 8 4 0]
 [8 4 4 0]]","[[2 0 0 0]
 [4 0 0 0]
 [2 8 0 2]
 [8 4 8 2]]",False,True
1,1,0,"[0, 1, 2, 3]",0,42,"[[2 0 0 0]
 [4 0 0 0]
 [2 8 0 2]
 [8 4 8 2]]","[[2 0 0 0]
 [4 2 0 0]
 [2 8 2 0]
 [8 4 8 2]]",False,True
1,1,0,"[1, 2]",-10,32,"[[2 0 0 0]
 [4 2 0 0]
 [2 8 2 0]
 [8 4 8 2]]","[[2 0 0 0]
 [4 2 0 0]
 [2 8 2 0]
 [8 4 8 2]]",False,True
1,1,0,"[1, 2]",-10,22,"[[2 0 0 0]
 [4 2 0 0]
 [2 8 2 0]
 [8 4 8 2]]","[[2 0 0 0]
 [4 2 0 0]
 [2 8 2 0]
 [8 4 8 2]]",False,True
1,1,2,"[1, 2]",0,22,"[[2 0 0 0]
 [4 2 0 0]
 [2 8 2 0]
 [8 4 8 2]]","[[0 0 2 2]
 [0 0 4 2]
 [0 2 8 2]
 [8 4 8 2]]",False,True
1,1,2,"[0, 1, 2, 3]",4,26,"[[0 0 2 2]
 [0 0 4 2]
 [0 2 8 2]
 [8 4 8 2]]","[[0 0 0 4]
 [0 2 4 2]
 [0 2 8 2]
 [8 4 8 2]]",False,True
1,1,2,"[0, 1, 3]",-10,16,"[[0 0 0 4]
 [0 2 4 2]
 [0 2 8 2]
 [8 4 8 2]]","[[0 0 0 4]
 [0 2 4 2]
 [0 2 8 2]
 [8 4 8 2]]",False,True
1,1,0,"[0, 1, 3]",0,16,"[[0 0 0 4]
 [0 2 4 2]
 [0 2 8 2]
 [8 4 8 2]]","[[4 0 2 0]
 [2 4 2 0]
 [2 8 2 0]
 [8 4 8 2]]",False,True
1,1,3,"[0, 1, 2, 3]",8,24,"[[4 0 2 0]
 [2 4 2 0]
 [2 8 2 0]
 [8 4 8 2]]","[[0 0 2 0]
 [4 4 2 0]
 [4 8 4 0]
 [8 4 8 2]]",False,True
1,1,3,"[0, 1, 2, 3]",12,36,"[[0 0 2 0]
 [4 4 2 0]
 [4 8 4 0]
 [8 4 8 2]]","[[0 0 2 0]
 [0 4 4 0]
 [8 8 4 0]
 [8 4 8 2]]",False,True
1,1,3,"[0, 1, 2, 3]",24,60,"[[0 0 2 0]
 [0 4 4 0]
 [8 8 4 0]
 [8 4 8 2]]","[[ 0  0  0  0]
 [ 0  4  2  0]
 [ 2  8  8  0]
 [16  4  8  2]]",False,True
1,1,0,"[0, 1, 2, 3]",16,76,"[[ 0  0  0  0]
 [ 0  4  2  0]
 [ 2  8  8  0]
 [16  4  8  2]]","[[ 0  0  0  0]
 [ 4  2  2  0]
 [ 2 16  0  0]
 [16  4  8  2]]",False,True
1,1,0,"[0, 1, 2, 3]",4,80,"[[ 0  0  0  0]
 [ 4  2  2  0]
 [ 2 16  0  0]
 [16  4  8  2]]","[[ 0  0  0  0]
 [ 4  4  0  0]
 [ 2 16  4  0]
 [16  4  8  2]]",False,True
1,1,3,"[0, 1, 2]",-10,70,"[[ 0  0  0  0]
 [ 4  4  0  0]
 [ 2 16  4  0]
 [16  4  8  2]]","[[ 0  0  0  0]
 [ 4  4  0  0]
 [ 2 16  4  0]
 [16  4  8  2]]",False,True
1,1,3,"[0, 1, 2]",-10,60,"[[ 0  0  0  0]
 [ 4  4  0  0]
 [ 2 16  4  0]
 [16  4  8  2]]","[[ 0  0  0  0]
 [ 4  4  0  0]
 [ 2 16  4  0]
 [16  4  8  2]]",False,True
1,1,0,"[0, 1, 2]",8,68,"[[ 0  0  0  0]
 [ 4  4  0  0]
 [ 2 16  4  0]
 [16  4  8  2]]","[[ 0  0  2  0]
 [ 8  0  0  0]
 [ 2 16  4  0]
 [16  4  8  2]]",False,True
1,1,0,"[0, 1, 2, 3]",0,68,"[[ 0  0  2  0]
 [ 8  0  0  0]
 [ 2 16  4  0]
 [16  4  8  2]]","[[ 2  0  0  0]
 [ 8  0  2  0]
 [ 2 16  4  0]
 [16  4  8  2]]",False,True
1,1,1,"[0, 1, 2]",0,68,"[[ 2  0  0  0]
 [ 8  0  2  0]
 [ 2 16  4  0]
 [16  4  8  2]]","[[ 2 16  2  2]
 [ 8  4  4  0]
 [ 2  0  8  0]
 [16  2  0  0]]",False,True
1,1,0,"[0, 1, 2, 3]",12,80,"[[ 2 16  2  2]
 [ 8  4  4  0]
 [ 2  0  8  0]
 [16  2  0  0]]","[[ 2 16  4  0]
 [ 8  8  0  0]
 [ 2  8  0  0]
 [16  2  0  2]]",False,True
1,1,1,"[0, 1, 2, 3]",16,96,"[[ 2 16  4  0]
 [ 8  8  0  0]
 [ 2  8  0  0]
 [16  2  0  2]]","[[ 2 16  4  2]
 [ 8 16  2  0]
 [ 2  2  0  0]
 [16  0  0  0]]",False,True
1,1,3,"[0, 1, 2, 3]",32,128,"[[ 2 16  4  2]
 [ 8 16  2  0]
 [ 2  2  0  0]
 [16  0  0  0]]","[[ 2  0  0  0]
 [ 8  0  0  2]
 [ 2 32  4  0]
 [16  2  2  2]]",False,True
1,1,0,"[0, 1, 2, 3]",4,132,"[[ 2  0  0  0]
 [ 8  0  0  2]
 [ 2 32  4  0]
 [16  2  2  2]]","[[ 2  0  0  0]
 [ 8  2  0  0]
 [ 2 32  4  0]
 [16  4  2  2]]",False,True
1,1,0,"[0, 1, 2]",4,136,"[[ 2  0  0  0]
 [ 8  2  0  0]
 [ 2 32  4  0]
 [16  4  2  2]]","[[ 2  0  0  0]
 [ 8  2  2  0]
 [ 2 32  4  0]
 [16  4  4  0]]",False,True
1,1,2,"[0, 1, 2, 3]",12,148,"[[ 2  0  0  0]
 [ 8  2  2  0]
 [ 2 32  4  0]
 [16  4  4  0]]","[[ 0  0  0  2]
 [ 0  0  8  4]
 [ 0  2 32  4]
 [ 0  2 16  8]]",False,True
1,1,2,"[0, 1, 3]",-10,138,"[[ 0  0  0  2]
 [ 0  0  8  4]
 [ 0  2 32  4]
 [ 0  2 16  8]]","[[ 0  0  0  2]
 [ 0  0  8  4]
 [ 0  2 32  4]
 [ 0  2 16  8]]",False,True
1,1,2,"[0, 1, 3]",-10,128,"[[ 0  0  0  2]
 [ 0  0  8  4]
 [ 0  2 32  4]
 [ 0  2 16  8]]","[[ 0  0  0  2]
 [ 0  0  8  4]
 [ 0  2 32  4]
 [ 0  2 16  8]]",False,True
1,1,3,"[0, 1, 3]",12,140,"[[ 0  0  0  2]
 [ 0  0  8  4]
 [ 0  2 32  4]
 [ 0  2 16  8]]","[[ 2  0  0  0]
 [ 0  0  8  2]
 [ 0  0 32  8]
 [ 0  4 16  8]]",False,True
1,1,3,"[0, 1, 2, 3]",16,156,"[[ 2  0  0  0]
 [ 0  0  8  2]
 [ 0  0 32  8]
 [ 0  4 16  8]]","[[ 0  0  0  0]
 [ 0  2  8  0]
 [ 0  0 32  2]
 [ 2  4 16 16]]",False,True
1,1,0,"[0, 1, 2, 3]",32,188,"[[ 0  0  0  0]
 [ 0  2  8  0]
 [ 0  0 32  2]
 [ 2  4 16 16]]","[[ 2  0  0  0]
 [ 2  8  0  0]
 [32  2  0  0]
 [ 2  4 32  0]]",False,True
1,1,1,"[1, 2, 3]",4,192,"[[ 2  0  0  0]
 [ 2  8  0  0]
 [32  2  0  0]
 [ 2  4 32  0]]","[[ 4  8 32  0]
 [32  2  0  0]
 [ 2  4  0  2]
 [ 0  0  0  0]]",False,True
1,1,2,"[0, 1, 2, 3]",0,192,"[[ 4  8 32  0]
 [32  2  0  0]
 [ 2  4  0  2]
 [ 0  0  0  0]]","[[ 0  4  8 32]
 [ 0  0 32  2]
 [ 2  2  4  2]
 [ 0  0  0  0]]",False,True
1,1,2,"[0, 1, 2, 3]",4,196,"[[ 0  4  8 32]
 [ 0  0 32  2]
 [ 2  2  4  2]
 [ 0  0  0  0]]","[[ 2  4  8 32]
 [ 0  0 32  2]
 [ 0  4  4  2]
 [ 0  0  0  0]]",False,True
1,1,1,"[0, 1, 2, 3]",12,208,"[[ 2  4  8 32]
 [ 0  0 32  2]
 [ 0  4  4  2]
 [ 0  0  0  0]]","[[ 2  8  8 32]
 [ 0  0 32  4]
 [ 0  0  4  0]
 [ 2  0  0  0]]",False,True
1,1,1,"[0, 1, 2, 3]",4,212,"[[ 2  8  8 32]
 [ 0  0 32  4]
 [ 0  0  4  0]
 [ 2  0  0  0]]","[[ 4  8  8 32]
 [ 0  2 32  4]
 [ 0  0  4  0]
 [ 0  0  0  0]]",False,True
1,1,3,"[0, 2, 3]",0,212,"[[ 4  8  8 32]
 [ 0  2 32  4]
 [ 0  0  4  0]
 [ 0  0  0  0]]","[[ 0  0  0  0]
 [ 0  2  8  0]
 [ 0  8 32 32]
 [ 4  2  4  4]]",False,True
1,1,0,"[0, 1, 2]",72,284,"[[ 0  0  0  0]
 [ 0  2  8  0]
 [ 0  8 32 32]
 [ 4  2  4  4]]","[[ 0  0  0  2]
 [ 2  8  0  0]
 [ 8 64  0  0]
 [ 4  2  8  0]]",False,True
1,1,3,"[0, 1, 2, 3]",0,284,"[[ 0  0  0  2]
 [ 2  8  0  0]
 [ 8 64  0  0]
 [ 4  2  8  0]]","[[ 0  0  0  0]
 [ 2  8  0  2]
 [ 8 64  0  0]
 [ 4  2  8  2]]",False,True
1,1,2,"[0, 1, 2, 3]",0,284,"[[ 0  0  0  0]
 [ 2  8  0  2]
 [ 8 64  0  0]
 [ 4  2  8  2]]","[[ 0  0  0  0]
 [ 0  2  8  2]
 [ 0  2  8 64]
 [ 4  2  8  2]]",False,True
1,1,1,"[0, 1, 3]",20,304,"[[ 0  0  0  0]
 [ 0  2  8  2]
 [ 0  2  8 64]
 [ 4  2  8  2]]","[[ 4  4 16  2]
 [ 0  2  8 64]
 [ 2  0  0  2]
 [ 0  0  0  0]]",False,True
1,1,1,"[0, 1, 2, 3]",0,304,"[[ 4  4 16  2]
 [ 0  2  8 64]
 [ 2  0  0  2]
 [ 0  0  0  0]]","[[ 4  4 16  2]
 [ 2  2  8 64]
 [ 2  0  0  2]
 [ 0  0  0  0]]",False,True
1,1,2,"[0, 1, 2, 3]",16,320,"[[ 4  4 16  2]
 [ 2  2  8 64]
 [ 2  0  0  2]
 [ 0  0  0  0]]","[[ 0  8 16  2]
 [ 0  4  8 64]
 [ 0  0  0  4]
 [ 0  0  0  2]]",False,True
1,1,1,"[0, 3]",-10,310,"[[ 0  8 16  2]
 [ 0  4  8 64]
 [ 0  0  0  4]
 [ 0  0  0  2]]","[[ 0  8 16  2]
 [ 0  4  8 64]
 [ 0  0  0  4]
 [ 0  0  0  2]]",False,True
1,1,3,"[0, 3]",0,310,"[[ 0  8 16  2]
 [ 0  4  8 64]
 [ 0  0  0  4]
 [ 0  0  0  2]]","[[ 0  0  0  2]
 [ 0  2  0 64]
 [ 0  8 16  4]
 [ 0  4  8  2]]",False,True
1,1,1,"[0, 1, 2]",0,310,"[[ 0  0  0  2]
 [ 0  2  0 64]
 [ 0  8 16  4]
 [ 0  4  8  2]]","[[ 0  2 16  2]
 [ 0  8  8 64]
 [ 0  4  0  4]
 [ 2  0  0  2]]",False,True
1,1,2,"[0, 1, 2, 3]",28,338,"[[ 0  2 16  2]
 [ 0  8  8 64]
 [ 0  4  0  4]
 [ 2  0  0  2]]","[[ 0  2 16  2]
 [ 0  0 16 64]
 [ 0  0  0  8]
 [ 0  0  2  4]]",False,True
1,1,1,"[0, 1, 3]",32,370,"[[ 0  2 16  2]
 [ 0  0 16 64]
 [ 0  0  0  8]
 [ 0  0  2  4]]","[[ 0  2 32  2]
 [ 0  0  2 64]
 [ 0  0  0  8]
 [ 0  2  0  4]]",False,True
1,1,3,"[0, 1, 2, 3]",4,374,"[[ 0  2 32  2]
 [ 0  0  2 64]
 [ 0  0  0  8]
 [ 0  2  0  4]]","[[ 0  0  0  2]
 [ 0  0  0 64]
 [ 2  0 32  8]
 [ 0  4  2  4]]",False,True
1,1,1,"[0, 1, 2, 3]",0,374,"[[ 0  0  0  2]
 [ 0  0  0 64]
 [ 2  0 32  8]
 [ 0  4  2  4]]","[[ 2  4 32  2]
 [ 0  0  2 64]
 [ 0  0  2  8]
 [ 0  0  0  4]]",False,True
1,1,1,"[0, 1, 3]",4,378,"[[ 2  4 32  2]
 [ 0  0  2 64]
 [ 0  0  2  8]
 [ 0  0  0  4]]","[[ 2  4 32  2]
 [ 2  0  4 64]
 [ 0  0  0  8]
 [ 0  0  0  4]]",False,True
1,1,3,"[0, 1, 2, 3]",4,382,"[[ 2  4 32  2]
 [ 2  0  4 64]
 [ 0  0  0  8]
 [ 0  0  0  4]]","[[ 2  0  0  2]
 [ 0  0  0 64]
 [ 0  0 32  8]
 [ 4  4  4  4]]",False,True
1,1,3,"[0, 1, 2, 3]",0,382,"[[ 2  0  0  2]
 [ 0  0  0 64]
 [ 0  0 32  8]
 [ 4  4  4  4]]","[[ 0  0  0  2]
 [ 0  2  0 64]
 [ 2  0 32  8]
 [ 4  4  4  4]]",False,True
1,1,0,"[0, 1, 2, 3]",16,398,"[[ 0  0  0  2]
 [ 0  2  0 64]
 [ 2  0 32  8]
 [ 4  4  4  4]]","[[ 2  0  0  0]
 [ 2 64  0  0]
 [ 2 32  8  0]
 [ 8  8  2  0]]",False,True
1,1,1,"[0, 1, 2, 3]",4,402,"[[ 2  0  0  0]
 [ 2 64  0  0]
 [ 2 32  8  0]
 [ 8  8  2  0]]","[[ 4 64  8  0]
 [ 2 32  2  0]
 [ 8  8  0  2]
 [ 0  0  0  0]]",False,True
1,1,0,"[0, 1, 2, 3]",16,418,"[[ 4 64  8  0]
 [ 2 32  2  0]
 [ 8  8  0  2]
 [ 0  0  0  0]]","[[ 4 64  8  0]
 [ 2 32  2  0]
 [16  2  0  0]
 [ 0  0  0  4]]",False,True
1,1,1,"[0, 1, 2, 3]",0,418,"[[ 4 64  8  0]
 [ 2 32  2  0]
 [16  2  0  0]
 [ 0  0  0  4]]","[[ 4 64  8  4]
 [ 2 32  2  0]
 [16  2  0  0]
 [ 0  0  0  2]]",False,True
1,1,0,"[0, 1, 2, 3]",0,418,"[[ 4 64  8  4]
 [ 2 32  2  0]
 [16  2  0  0]
 [ 0  0  0  2]]","[[ 4 64  8  4]
 [ 2 32  2  0]
 [16  2  2  0]
 [ 2  0  0  0]]",False,True
1,1,3,"[0, 1, 2, 3]",4,422,"[[ 4 64  8  4]
 [ 2 32  2  0]
 [16  2  2  0]
 [ 2  0  0  0]]","[[ 4  0  0  0]
 [ 2 64  0  0]
 [16 32  8  2]
 [ 2  2  4  4]]",False,True
1,1,2,"[0, 1, 2]",12,434,"[[ 4  0  0  0]
 [ 2 64  0  0]
 [16 32  8  2]
 [ 2  2  4  4]]","[[ 0  0  0  4]
 [ 0  0  2 64]
 [16 32  8  2]
 [ 0  2  4  8]]",False,True
1,1,3,"[0, 1, 3]",0,434,"[[ 0  0  0  4]
 [ 0  0  2 64]
 [16 32  8  2]
 [ 0  2  4  8]]","[[ 0  0  0  4]
 [ 0  2  2 64]
 [ 0 32  8  2]
 [16  2  4  8]]",False,True
1,1,0,"[0, 1, 2]",4,438,"[[ 0  0  0  4]
 [ 0  2  2 64]
 [ 0 32  8  2]
 [16  2  4  8]]","[[ 4  0  0  2]
 [ 4 64  0  0]
 [32  8  2  0]
 [16  2  4  8]]",False,True
1,1,0,"[0, 1, 2, 3]",0,438,"[[ 4  0  0  2]
 [ 4 64  0  0]
 [32  8  2  0]
 [16  2  4  8]]","[[ 4  2  0  0]
 [ 4 64  2  0]
 [32  8  2  0]
 [16  2  4  8]]",False,True
1,1,3,"[1, 2, 3]",12,450,"[[ 4  2  0  0]
 [ 4 64  2  0]
 [32  8  2  0]
 [16  2  4  8]]","[[ 0  2  2  0]
 [ 8 64  0  0]
 [32  8  4  0]
 [16  2  4  8]]",False,True
1,1,2,"[0, 1, 2, 3]",4,454,"[[ 0  2  2  0]
 [ 8 64  0  0]
 [32  8  4  0]
 [16  2  4  8]]","[[ 0  0  0  4]
 [ 0  0  8 64]
 [ 2 32  8  4]
 [16  2  4  8]]",False,True
1,1,2,"[0, 1, 3]",-10,444,"[[ 0  0  0  4]
 [ 0  0  8 64]
 [ 2 32  8  4]
 [16  2  4  8]]","[[ 0  0  0  4]
 [ 0  0  8 64]
 [ 2 32  8  4]
 [16  2  4  8]]",False,True
1,1,0,"[0, 1, 3]",0,444,"[[ 0  0  0  4]
 [ 0  0  8 64]
 [ 2 32  8  4]
 [16  2  4  8]]","[[ 4  4  0  0]
 [ 8 64  0  0]
 [ 2 32  8  4]
 [16  2  4  8]]",False,True
1,1,2,"[0, 1, 2]",8,452,"[[ 4  4  0  0]
 [ 8 64  0  0]
 [ 2 32  8  4]
 [16  2  4  8]]","[[ 0  2  0  8]
 [ 0  0  8 64]
 [ 2 32  8  4]
 [16  2  4  8]]",False,True
1,1,2,"[0, 1, 2, 3]",0,452,"[[ 0  2  0  8]
 [ 0  0  8 64]
 [ 2 32  8  4]
 [16  2  4  8]]","[[ 0  0  2  8]
 [ 0  2  8 64]
 [ 2 32  8  4]
 [16  2  4  8]]",False,True
1,1,1,"[0, 1, 3]",16,468,"[[ 0  0  2  8]
 [ 0  2  8 64]
 [ 2 32  8  4]
 [16  2  4  8]]","[[ 2  2  2  8]
 [16 32 16 64]
 [ 0  2  4  4]
 [ 0  0  2  8]]",False,True
1,1,3,"[0, 2, 3]",0,468,"[[ 2  2  2  8]
 [16 32 16 64]
 [ 0  2  4  4]
 [ 0  0  2  8]]","[[ 2  0  2  8]
 [ 0  2 16 64]
 [ 2 32  4  4]
 [16  2  2  8]]",False,True
1,1,3,"[0, 1, 2, 3]",4,472,"[[ 2  0  2  8]
 [ 0  2 16 64]
 [ 2 32  4  4]
 [16  2  2  8]]","[[ 0  2  2  8]
 [ 0  2 16 64]
 [ 4 32  4  4]
 [16  2  2  8]]",False,True
1,1,2,"[0, 1, 2, 3]",16,488,"[[ 0  2  2  8]
 [ 0  2 16 64]
 [ 4 32  4  4]
 [16  2  2  8]]","[[ 0  0  4  8]
 [ 0  2 16 64]
 [ 0  4 32  8]
 [ 2 16  4  8]]",False,True
1,1,3,"[0, 1, 3]",16,504,"[[ 0  0  4  8]
 [ 0  2 16 64]
 [ 0  4 32  8]
 [ 2 16  4  8]]","[[ 0  0  4  0]
 [ 4  2 16  8]
 [ 0  4 32 64]
 [ 2 16  4 16]]",False,True
1,1,1,"[0, 1, 2, 3]",0,504,"[[ 0  0  4  0]
 [ 4  2 16  8]
 [ 0  4 32 64]
 [ 2 16  4 16]]","[[ 4  2  4  8]
 [ 2  4 16 64]
 [ 0 16 32 16]
 [ 0  4  4  0]]",False,True
1,1,3,"[0, 2, 3]",0,504,"[[ 4  2  4  8]
 [ 2  4 16 64]
 [ 0 16 32 16]
 [ 0  4  4  0]]","[[ 2  2  4  0]
 [ 0  4 16  8]
 [ 4 16 32 64]
 [ 2  4  4 16]]",False,True
1,1,3,"[0, 1, 2, 3]",0,504,"[[ 2  2  4  0]
 [ 0  4 16  8]
 [ 4 16 32 64]
 [ 2  4  4 16]]","[[ 2  2  4  0]
 [ 2  4 16  8]
 [ 4 16 32 64]
 [ 2  4  4 16]]",False,True
1,1,0,"[0, 1, 2, 3]",12,516,"[[ 2  2  4  0]
 [ 2  4 16  8]
 [ 4 16 32 64]
 [ 2  4  4 16]]","[[ 4  4  2  0]
 [ 2  4 16  8]
 [ 4 16 32 64]
 [ 2  8 16  0]]",False,True
1,1,2,"[0, 1, 2, 3]",8,524,"[[ 4  4  2  0]
 [ 2  4 16  8]
 [ 4 16 32 64]
 [ 2  8 16  0]]","[[ 0  0  8  2]
 [ 2  4 16  8]
 [ 4 16 32 64]
 [ 2  2  8 16]]",False,True
1,1,1,"[0, 1, 2]",0,524,"[[ 0  0  8  2]
 [ 2  4 16  8]
 [ 4 16 32 64]
 [ 2  2  8 16]]","[[ 2  4  8  2]
 [ 4 16 16  8]
 [ 2  2 32 64]
 [ 2  0  8 16]]",False,True
1,1,3,"[0, 1, 2, 3]",4,528,"[[ 2  4  8  2]
 [ 4 16 16  8]
 [ 2  2 32 64]
 [ 2  0  8 16]]","[[ 2  0  8  2]
 [ 2  4 16  8]
 [ 4 16 32 64]
 [ 4  2  8 16]]",False,True
1,1,3,"[0, 1, 2, 3]",12,540,"[[ 2  0  8  2]
 [ 2  4 16  8]
 [ 4 16 32 64]
 [ 4  2  8 16]]","[[ 4  0  8  2]
 [ 0  4 16  8]
 [ 4 16 32 64]
 [ 8  2  8 16]]",False,True
1,1,1,"[0, 1, 2, 3]",8,548,"[[ 4  0  8  2]
 [ 0  4 16  8]
 [ 4 16 32 64]
 [ 8  2  8 16]]","[[ 8  4  8  2]
 [ 8 16 16  8]
 [ 2  2 32 64]
 [ 0  0  8 16]]",False,True
1,1,0,"[0, 1, 2, 3]",36,584,"[[ 8  4  8  2]
 [ 8 16 16  8]
 [ 2  2 32 64]
 [ 0  0  8 16]]","[[ 8  4  8  2]
 [ 8 32  8  0]
 [ 4 32 64  0]
 [ 8 16  2  0]]",False,True
1,1,0,"[1, 2, 3]",-10,574,"[[ 8  4  8  2]
 [ 8 32  8  0]
 [ 4 32 64  0]
 [ 8 16  2  0]]","[[ 8  4  8  2]
 [ 8 32  8  0]
 [ 4 32 64  0]
 [ 8 16  2  0]]",False,True
1,1,1,"[1, 2, 3]",96,670,"[[ 8  4  8  2]
 [ 8 32  8  0]
 [ 4 32 64  0]
 [ 8 16  2  0]]","[[16  4 16  2]
 [ 4 64 64  0]
 [ 8 16  2  0]
 [ 2  0  0  0]]",False,True
1,1,0,"[0, 2, 3]",128,798,"[[16  4 16  2]
 [ 4 64 64  0]
 [ 8 16  2  0]
 [ 2  0  0  0]]","[[ 16   4  16   2]
 [  4 128   0   0]
 [  8  16   2   2]
 [  2   0   0   0]]",False,True
1,1,2,"[0, 1, 2, 3]",4,802,"[[ 16   4  16   2]
 [  4 128   0   0]
 [  8  16   2   2]
 [  2   0   0   0]]","[[ 16   4  16   2]
 [  0   4   4 128]
 [  0   8  16   4]
 [  0   0   0   2]]",False,True
1,1,2,"[0, 1, 2, 3]",8,810,"[[ 16   4  16   2]
 [  0   4   4 128]
 [  0   8  16   4]
 [  0   0   0   2]]","[[ 16   4  16   2]
 [  0   0   8 128]
 [  0   8  16   4]
 [  0   2   0   2]]",False,True
1,1,3,"[0, 1, 2, 3]",0,810,"[[ 16   4  16   2]
 [  0   0   8 128]
 [  0   8  16   4]
 [  0   2   0   2]]","[[  0   0   0   2]
 [  0   4  16 128]
 [  2   8   8   4]
 [ 16   2  16   2]]",False,True
1,1,3,"[0, 1, 2]",-10,800,"[[  0   0   0   2]
 [  0   4  16 128]
 [  2   8   8   4]
 [ 16   2  16   2]]","[[  0   0   0   2]
 [  0   4  16 128]
 [  2   8   8   4]
 [ 16   2  16   2]]",False,True
1,1,3,"[0, 1, 2]",-10,790,"[[  0   0   0   2]
 [  0   4  16 128]
 [  2   8   8   4]
 [ 16   2  16   2]]","[[  0   0   0   2]
 [  0   4  16 128]
 [  2   8   8   4]
 [ 16   2  16   2]]",False,True
1,1,3,"[0, 1, 2]",-10,780,"[[  0   0   0   2]
 [  0   4  16 128]
 [  2   8   8   4]
 [ 16   2  16   2]]","[[  0   0   0   2]
 [  0   4  16 128]
 [  2   8   8   4]
 [ 16   2  16   2]]",False,False
1,1,0,"[0, 1, 2]",16,796,"[[  0   0   0   2]
 [  0   4  16 128]
 [  2   8   8   4]
 [ 16   2  16   2]]","[[  2   0   0   0]
 [  4  16 128   0]
 [  2  16   4   2]
 [ 16   2  16   2]]",False,True
1,1,2,"[1, 2, 3]",0,796,"[[  2   0   0   0]
 [  4  16 128   0]
 [  2  16   4   2]
 [ 16   2  16   2]]","[[  0   0   0   2]
 [  2   4  16 128]
 [  2  16   4   2]
 [ 16   2  16   2]]",False,True
1,1,1,"[0, 1, 3]",8,804,"[[  0   0   0   2]
 [  2   4  16 128]
 [  2  16   4   2]
 [ 16   2  16   2]]","[[  4   4  16   2]
 [ 16  16   4 128]
 [  0   2  16   4]
 [  0   2   0   0]]",False,True
1,1,1,"[0, 1, 2, 3]",4,808,"[[  4   4  16   2]
 [ 16  16   4 128]
 [  0   2  16   4]
 [  0   2   0   0]]","[[  4   4  16   2]
 [ 16  16   4 128]
 [  0   4  16   4]
 [  2   0   0   0]]",False,True
1,1,1,"[0, 1, 2, 3]",0,808,"[[  4   4  16   2]
 [ 16  16   4 128]
 [  0   4  16   4]
 [  2   0   0   0]]","[[  4   4  16   2]
 [ 16  16   4 128]
 [  2   4  16   4]
 [  0   2   0   0]]",False,True
1,1,2,"[0, 2, 3]",40,848,"[[  4   4  16   2]
 [ 16  16   4 128]
 [  2   4  16   4]
 [  0   2   0   0]]","[[  0   8  16   2]
 [  0  32   4 128]
 [  2   4  16   4]
 [  0   0   4   2]]",False,True
1,1,0,"[0, 1, 3]",0,848,"[[  0   8  16   2]
 [  0  32   4 128]
 [  2   4  16   4]
 [  0   0   4   2]]","[[  8  16   2   0]
 [ 32   4 128   2]
 [  2   4  16   4]
 [  4   2   0   0]]",False,True
1,1,3,"[1, 2, 3]",8,856,"[[  8  16   2   0]
 [ 32   4 128   2]
 [  2   4  16   4]
 [  4   2   0   0]]","[[  8   0   0   0]
 [ 32  16   2   2]
 [  2   8 128   2]
 [  4   2  16   4]]",False,True
1,1,2,"[0, 1, 2, 3]",4,860,"[[  8   0   0   0]
 [ 32  16   2   2]
 [  2   8 128   2]
 [  4   2  16   4]]","[[  4   0   0   8]
 [  0  32  16   4]
 [  2   8 128   2]
 [  4   2  16   4]]",False,True
1,1,0,"[0, 1, 2, 3]",0,860,"[[  4   0   0   8]
 [  0  32  16   4]
 [  2   8 128   2]
 [  4   2  16   4]]","[[  4   8   2   0]
 [ 32  16   4   0]
 [  2   8 128   2]
 [  4   2  16   4]]",False,True
1,1,0,"[1, 2]",-10,850,"[[  4   8   2   0]
 [ 32  16   4   0]
 [  2   8 128   2]
 [  4   2  16   4]]","[[  4   8   2   0]
 [ 32  16   4   0]
 [  2   8 128   2]
 [  4   2  16   4]]",False,True
1,1,2,"[1, 2]",0,850,"[[  4   8   2   0]
 [ 32  16   4   0]
 [  2   8 128   2]
 [  4   2  16   4]]","[[  2   4   8   2]
 [  0  32  16   4]
 [  2   8 128   2]
 [  4   2  16   4]]",False,True
1,1,0,"[0, 1, 3]",0,850,"[[  2   4   8   2]
 [  0  32  16   4]
 [  2   8 128   2]
 [  4   2  16   4]]","[[  2   4   8   2]
 [ 32  16   4   2]
 [  2   8 128   2]
 [  4   2  16   4]]",False,True
1,1,1,"[1, 3]",4,854,"[[  2   4   8   2]
 [ 32  16   4   2]
 [  2   8 128   2]
 [  4   2  16   4]]","[[  2   4   8   4]
 [ 32  16   4   2]
 [  2   8 128   4]
 [  4   2  16   2]]",False,True
